Post_author,post_date,post_date_gmt,post_title,category,IMAGE,tags,post_content,post_excerpt,post_status,comment_status,ping_status,post_password,post_name,to_ping,pinged,post_modified,post_modified_gmt,post_content_filtered,post_parent,menu_order,post_type,post_mime_type,comment_count,company name,website,email,logo,job type,job location,geo_address,geo_latitude,geo_longitude,allow_resume,paid_amount,alive_days,paymentmethod,remote_ip,ip_status,pkg_id,featured_type,total_amount,comments_data ,how to apply
1,5/31/2012 12:06,5/31/2012 12:06,Graphic Designer and Developer,Art Work&Designer,,,"Lorem ipsum dolor sit amet, consectetuer adipiscing elit. Praesent aliquam, justo convallis luctus rutrum, erat nulla fermentum diam, at nonummy quam ante ac quam. Maecenas urna purus, fermentum id, molestie in, commodo porttitor, felis. Nam blandit quam ut lacus.",,publish,open,open,,graphic-designer-and-developer,,,5/31/2012 12:06,5/31/2012 12:06,,0,0,job,,1,Templatic,http://www.companyweb.com,info@companyname.com,http://localhost/wordpress/jobboard2/wp-content/themes/JobBoard2/images/dummy/logo1.png,Full Time,Arkansas,"77 Chambers St, Manhattan, NY 10007, USA",40.71459301,-74.006702,Yes,,,,,,,,,,"Lorem ipsum dolor sit amet, consectetuer adipiscing elit. Praesent aliquam, justo convallis luctus rutrum, erat nulla fermentum diam, at nonummy quam ante ac quam. Maecenas urna purus, fermentum id, molestie in, commodo porttitor, felis. Nam blandit quam ut lacus."
1,5/31/2012 12:06,5/31/2012 12:06,Desktop Developer,Programmer,,,"Lorem ipsum dolor sit amet, consectetuer adipiscing elit. Praesent aliquam, justo convallis luctus rutrum, erat nulla fermentum diam, at nonummy quam ante ac quam. Maecenas urna purus, fermentum id, molestie in, commodo porttitor, felis. Nam blandit quam ut lacus.",,publish,open,open,,desktop-developer,,,5/31/2012 12:06,5/31/2012 12:06,,0,0,job,,0,Templatic,http://www.templatic.com,info@templatic.com,http://localhost/wordpress/jobboard2/wp-content/themes/JobBoard2/images/dummy/logo2.png,Part Time,Arkansas,"78 Chambers St, Manhattan, NY 10007, USA",40.71459301,-74.006702,No,,,,,,,,, ,"Lorem ipsum dolor sit amet, consectetuer adipiscing elit. Praesent aliquam, justo convallis luctus rutrum, erat nulla fermentum diam, at nonummy quam ante ac quam. Maecenas urna purus, fermentum id, molestie in, commodo porttitor, felis. Nam blandit quam ut lacus."
1,5/31/2012 12:06,5/31/2012 12:06,Work from Home,Development,,,"Lorem ipsum dolor sit amet, consectetuer adipiscing elit. Praesent aliquam, justo convallis luctus rutrum, erat nulla fermentum diam, at nonummy quam ante ac quam. Maecenas urna purus, fermentum id, molestie in, commodo porttitor, felis. Nam blandit quam ut lacus.",,publish,open,open,,work-from-home,,,5/31/2012 12:06,5/31/2012 12:06,,0,0,job,,0,Wordpress ,http://www.companyname.com,info@company_email.com,http://localhost/wordpress/jobboard2/wp-content/themes/JobBoard2/images/dummy/logo4.png,freelance,Arkansas,"79 Chambers St, Manhattan, NY 10007, USA",40.71459301,-74.006702,No,,,,,,,,, ,"Lorem ipsum dolor sit amet, consectetuer adipiscing elit. Praesent aliquam, justo convallis luctus rutrum, erat nulla fermentum diam, at nonummy quam ante ac quam. Maecenas urna purus, fermentum id, molestie in, commodo porttitor, felis. Nam blandit quam ut lacus."
1,5/31/2012 12:06,5/31/2012 12:06,Lead Web/Interaction Designer,Development,,,"Lorem ipsum dolor sit amet, consectetuer adipiscing elit. Praesent aliquam, justo convallis luctus rutrum, erat nulla fermentum diam, at nonummy quam ante ac quam. Maecenas urna purus, fermentum id, molestie in, commodo porttitor, felis. Nam blandit quam ut lacus.",,publish,open,open,,lead-webinteraction-designer,,,5/31/2012 12:06,5/31/2012 12:06,,0,0,job,,0,Wordpress ,http://www.companyname.com,info@company_email.com,http://localhost/wordpress/jobboard2/wp-content/themes/JobBoard2/images/dummy/logo5.png,Full Time,Arkansas,"80 Chambers St, Manhattan, NY 10007, USA",40.71459301,-74.006702,Yes,,,,,,,,, ,"Lorem ipsum dolor sit amet, consectetuer adipiscing elit. Praesent aliquam, justo convallis luctus rutrum, erat nulla fermentum diam, at nonummy quam ante ac quam. Maecenas urna purus, fermentum id, molestie in, commodo porttitor, felis. Nam blandit quam ut lacus."
1,5/31/2012 12:06,5/31/2012 12:06,Front End Internet Enginee,Development,,,"Lorem ipsum dolor sit amet, consectetuer adipiscing elit. Praesent aliquam, justo convallis luctus rutrum, erat nulla fermentum diam, at nonummy quam ante ac quam. Maecenas urna purus, fermentum id, molestie in, commodo porttitor, felis. Nam blandit quam ut lacus.",,publish,open,open,,front-end-internet-enginee,,,5/31/2012 12:06,5/31/2012 12:06,,0,0,job,,0,Wordpress ,http://www.rbhavesh.com,info@companyname.com,http://localhost/wordpress/jobboard2/wp-content/themes/JobBoard2/images/dummy/logo1.png,Part Time,Arkansas,"81 Chambers St, Manhattan, NY 10007, USA",40.71459301,-74.006702,Yes,,,,,,,,, ,"Lorem ipsum dolor sit amet, consectetuer adipiscing elit. Praesent aliquam, justo convallis luctus rutrum, erat nulla fermentum diam, at nonummy quam ante ac quam. Maecenas urna purus, fermentum id, molestie in, commodo porttitor, felis. Nam blandit quam ut lacus."
1,5/31/2012 12:06,5/31/2012 12:06,Magento Developer,Development,,,"Lorem ipsum dolor sit amet, consectetuer adipiscing elit. Praesent aliquam, justo convallis luctus rutrum, erat nulla fermentum diam, at nonummy quam ante ac quam. Maecenas urna purus, fermentum id, molestie in, commodo porttitor, felis. Nam blandit quam ut lacus.",,publish,open,open,,magento-developer,,,5/31/2012 12:06,5/31/2012 12:06,,0,0,job,,1,Company Name ,http://www.companyweb.com,info@companyname.com,http://localhost/wordpress/jobboard2/wp-content/themes/JobBoard2/images/dummy/logo1.png,Full Time,Arkansas,"82 Chambers St, Manhattan, NY 10007, USA",40.71459301,-74.006702,Yes,,,,,,,,,,"Lorem ipsum dolor sit amet, consectetuer adipiscing elit. Praesent aliquam, justo convallis luctus rutrum, erat nulla fermentum diam, at nonummy quam ante ac quam. Maecenas urna purus, fermentum id, molestie in, commodo porttitor, felis. Nam blandit quam ut lacus."
1,5/31/2012 12:06,5/31/2012 12:06,Application Developer,Programmer,,,"Lorem ipsum dolor sit amet, consectetuer adipiscing elit. Praesent aliquam, justo convallis luctus rutrum, erat nulla fermentum diam, at nonummy quam ante ac quam. Maecenas urna purus, fermentum id, molestie in, commodo porttitor, felis. Nam blandit quam ut lacus.",,publish,open,open,,application-developer,,,5/31/2012 12:06,5/31/2012 12:06,,0,0,job,,0,Templatic,http://www.templatic.com,info@templatic.com,http://localhost/wordpress/jobboard2/wp-content/themes/JobBoard2/images/dummy/logo2.png,Part Time,Arkansas,"83 Chambers St, Manhattan, NY 10007, USA",40.71459301,-74.006702,No,,,,,,,,, ,"Lorem ipsum dolor sit amet, consectetuer adipiscing elit. Praesent aliquam, justo convallis luctus rutrum, erat nulla fermentum diam, at nonummy quam ante ac quam. Maecenas urna purus, fermentum id, molestie in, commodo porttitor, felis. Nam blandit quam ut lacus."
1,5/31/2012 12:06,5/31/2012 12:06,Ecommerce Work,Development,,,"Lorem ipsum dolor sit amet, consectetuer adipiscing elit. Praesent aliquam, justo convallis luctus rutrum, erat nulla fermentum diam, at nonummy quam ante ac quam. Maecenas urna purus, fermentum id, molestie in, commodo porttitor, felis. Nam blandit quam ut lacus.",,publish,open,open,,ecommerce-work,,,5/31/2012 12:06,5/31/2012 12:06,,0,0,job,,0,Company Name,http://www.companyname.com,info@company_email.com,http://localhost/wordpress/jobboard2/wp-content/themes/JobBoard2/images/dummy/logo3.png,freelance,Arkansas,"84 Chambers St, Manhattan, NY 10007, USA",40.71459301,-74.006702,Yes,,,,,,,,, ,"Lorem ipsum dolor sit amet, consectetuer adipiscing elit. Praesent aliquam, justo convallis luctus rutrum, erat nulla fermentum diam, at nonummy quam ante ac quam. Maecenas urna purus, fermentum id, molestie in, commodo porttitor, felis. Nam blandit quam ut lacus."
1,5/31/2012 12:06,5/31/2012 12:06,HTML Designer and Developer,Development,,,"Lorem ipsum dolor sit amet, consectetuer adipiscing elit. Praesent aliquam, justo convallis luctus rutrum, erat nulla fermentum diam, at nonummy quam ante ac quam. Maecenas urna purus, fermentum id, molestie in, commodo porttitor, felis. Nam blandit quam ut lacus.",,publish,open,open,,html-designer-and-developer,,,5/31/2012 12:06,5/31/2012 12:06,,0,0,job,,0,Company Name ,http://www.companyweb.com,info@companyname.com,http://localhost/wordpress/jobboard2/wp-content/themes/JobBoard2/images/dummy/logo1.png,Full Time,Arkansas,"85 Chambers St, Manhattan, NY 10007, USA",40.71459301,-74.006702,Yes,,,,,,,,, ,"Lorem ipsum dolor sit amet, consectetuer adipiscing elit. Praesent aliquam, justo convallis luctus rutrum, erat nulla fermentum diam, at nonummy quam ante ac quam. Maecenas urna purus, fermentum id, molestie in, commodo porttitor, felis. Nam blandit quam ut lacus."
1,5/31/2012 12:06,5/31/2012 12:06,SEO Developer,Programmer,,,"Lorem ipsum dolor sit amet, consectetuer adipiscing elit. Praesent aliquam, justo convallis luctus rutrum, erat nulla fermentum diam, at nonummy quam ante ac quam. Maecenas urna purus, fermentum id, molestie in, commodo porttitor, felis. Nam blandit quam ut lacus.",,publish,open,open,,seo-developer,,,5/31/2012 12:06,5/31/2012 12:06,,0,0,job,,0,Templatic,http://www.templatic.com,info@templatic.com,http://localhost/wordpress/jobboard2/wp-content/themes/JobBoard2/images/dummy/logo2.png,Part Time,Arkansas,"86 Chambers St, Manhattan, NY 10007, USA",40.71459301,-74.006702,No,,,,,,,,, ,"Lorem ipsum dolor sit amet, consectetuer adipiscing elit. Praesent aliquam, justo convallis luctus rutrum, erat nulla fermentum diam, at nonummy quam ante ac quam. Maecenas urna purus, fermentum id, molestie in, commodo porttitor, felis. Nam blandit quam ut lacus."
1,5/31/2012 12:06,5/31/2012 12:06,PSD Export,Development,,,"Lorem ipsum dolor sit amet, consectetuer adipiscing elit. Praesent aliquam, justo convallis luctus rutrum, erat nulla fermentum diam, at nonummy quam ante ac quam. Maecenas urna purus, fermentum id, molestie in, commodo porttitor, felis. Nam blandit quam ut lacus.",,publish,open,open,,psd-export,,,5/31/2012 12:06,5/31/2012 12:06,,0,0,job,,0,Company Name,http://www.companyname.com,info@company_email.com,http://localhost/wordpress/jobboard2/wp-content/themes/JobBoard2/images/dummy/logo3.png,freelance,Arkansas,"87 Chambers St, Manhattan, NY 10007, USA",40.71459301,-74.006702,Yes,,,,,,,,, ,"Lorem ipsum dolor sit amet, consectetuer adipiscing elit. Praesent aliquam, justo convallis luctus rutrum, erat nulla fermentum diam, at nonummy quam ante ac quam. Maecenas urna purus, fermentum id, molestie in, commodo porttitor, felis. Nam blandit quam ut lacus."
1,5/31/2012 12:06,5/31/2012 12:06,Mobile Wordpress Developer_Kosamba ,Mobile,,,"Lorem ipsum dolor sit amet, consectetuer adipiscing elit. Praesent aliquam, justo convallis luctus rutrum, erat nulla fermentum diam, at nonummy quam ante ac quam. Maecenas urna purus, fermentum id, molestie in, commodo porttitor, felis. Nam blandit quam ut lacus.",,publish,open,open,,mobile-wordpress-developer,,,6/7/2012 10:03,6/7/2012 10:03,,0,0,job,,0,Templatic,http://www.rbhavesh.com,info@companyname.com,,Part Time,Arkansas,"88 Chambers St, Manhattan, NY 10007, USA",40.71459301,-74.006702,No,,,,127.0.0.1,0,,both,, ,"Lorem ipsum dolor sit amet, consectetuer adipiscing elit. Praesent aliquam, justo convallis luctus rutrum, erat nulla fermentum diam, at nonummy quam ante ac quam. Maecenas urna purus, fermentum id, molestie in, commodo porttitor, felis. Nam blandit quam ut lacus."
1,5/31/2012 12:06,5/31/2012 12:06,PSD Export and Designer,Designer,,,"Lorem ipsum dolor sit amet, consectetuer adipiscing elit. Praesent aliquam, justo convallis luctus rutrum, erat nulla fermentum diam, at nonummy quam ante ac quam. Maecenas urna purus, fermentum id, molestie in, commodo porttitor, felis. Nam blandit quam ut lacus.",,publish,open,open,,psd-export-and-designer,,,5/31/2012 12:06,5/31/2012 12:06,,0,0,job,,0,Company Name ,http://www.companyweb.com,info@companyname.com,http://localhost/wordpress/jobboard2/wp-content/themes/JobBoard2/images/dummy/logo1.png,Full Time,Arkansas,"89 Chambers St, Manhattan, NY 10007, USA",40.71459301,-74.006702,Yes,,,,,,,,, ,"Lorem ipsum dolor sit amet, consectetuer adipiscing elit. Praesent aliquam, justo convallis luctus rutrum, erat nulla fermentum diam, at nonummy quam ante ac quam. Maecenas urna purus, fermentum id, molestie in, commodo porttitor, felis. Nam blandit quam ut lacus."
1,5/31/2012 12:06,5/31/2012 12:06,Software Engineer,Programmer,,,"Lorem ipsum dolor sit amet, consectetuer adipiscing elit. Praesent aliquam, justo convallis luctus rutrum, erat nulla fermentum diam, at nonummy quam ante ac quam. Maecenas urna purus, fermentum id, molestie in, commodo porttitor, felis. Nam blandit quam ut lacus.",,publish,open,open,,software-engineer,,,5/31/2012 12:06,5/31/2012 12:06,,0,0,job,,0,Templatic,http://www.templatic.com,info@templatic.com,http://localhost/wordpress/jobboard2/wp-content/themes/JobBoard2/images/dummy/logo2.png,Part Time,Arkansas,"90 Chambers St, Manhattan, NY 10007, USA",40.71459301,-74.006702,No,,,,,,,,, ,"Lorem ipsum dolor sit amet, consectetuer adipiscing elit. Praesent aliquam, justo convallis luctus rutrum, erat nulla fermentum diam, at nonummy quam ante ac quam. Maecenas urna purus, fermentum id, molestie in, commodo porttitor, felis. Nam blandit quam ut lacus."
1,5/31/2012 12:06,5/31/2012 12:06,Wordpress Theme Integration,Development,,,"Lorem ipsum dolor sit amet, consectetuer adipiscing elit. Praesent aliquam, justo convallis luctus rutrum, erat nulla fermentum diam, at nonummy quam ante ac quam. Maecenas urna purus, fermentum id, molestie in, commodo porttitor, felis. Nam blandit quam ut lacus.",,publish,open,open,,wordpress-theme-integration,,,6/7/2012 10:02,6/7/2012 10:02,,0,0,job,,0,Company Name,http://www.companyname.com,info@company_email.com,http://localhost/wordpress/jobboard2/wp-content/themes/JobBoard2/images/dummy/logo3.png,,Arkansas,"91 Chambers St, Manhattan, NY 10007, USA",40.71459301,-74.006702,Yes,,20,,127.0.0.1,0,,,, ,"Lorem ipsum dolor sit amet, consectetuer adipiscing elit. Praesent aliquam, justo convallis luctus rutrum, erat nulla fermentum diam, at nonummy quam ante ac quam. Maecenas urna purus, fermentum id, molestie in, commodo porttitor, felis. Nam blandit quam ut lacus."
1,5/31/2012 12:06,5/31/2012 12:06,XHTML Developer,XHTML Coder,,,"Lorem ipsum dolor sit amet, consectetuer adipiscing elit. Praesent aliquam, justo convallis luctus rutrum, erat nulla fermentum diam, at nonummy quam ante ac quam. Maecenas urna purus, fermentum id, molestie in, commodo porttitor, felis. Nam blandit quam ut lacus.",,publish,open,open,,xhtml-developer,,,5/31/2012 12:06,5/31/2012 12:06,,0,0,job,,0,company_name,http://www.rbhavesh.com,info@companyname.com,http://localhost/wordpress/jobboard2/wp-content/themes/JobBoard2/images/dummy/logo5.png,Part Time,Arkansas,"92 Chambers St, Manhattan, NY 10007, USA",40.71459301,-74.006702,No,,,,,,,,, ,"Lorem ipsum dolor sit amet, consectetuer adipiscing elit. Praesent aliquam, justo convallis luctus rutrum, erat nulla fermentum diam, at nonummy quam ante ac quam. Maecenas urna purus, fermentum id, molestie in, commodo porttitor, felis. Nam blandit quam ut lacus."
1,5/31/2012 12:06,5/31/2012 12:06,Wordpress Theme Supporter,Development,,,"Lorem ipsum dolor sit amet, consectetuer adipiscing elit. Praesent aliquam, justo convallis luctus rutrum, erat nulla fermentum diam, at nonummy quam ante ac quam. Maecenas urna purus, fermentum id, molestie in, commodo porttitor, felis. Nam blandit quam ut lacus.",,publish,open,open,,wordpress-theme-supporter,,,6/7/2012 10:02,6/7/2012 10:02,,0,0,job,,0,Company Name ,http://www.companyweb.com,info@companyname.com,http://localhost/wordpress/jobboard2/wp-content/themes/JobBoard2/images/dummy/logo1.png,Full Time,Arkansas,"93 Chambers St, Manhattan, NY 10007, USA",40.71459301,-74.006702,Yes,,30,,127.0.0.1,0,,,, ,"Lorem ipsum dolor sit amet, consectetuer adipiscing elit. Praesent aliquam, justo convallis luctus rutrum, erat nulla fermentum diam, at nonummy quam ante ac quam. Maecenas urna purus, fermentum id, molestie in, commodo porttitor, felis. Nam blandit quam ut lacus."
1,5/31/2012 12:06,5/31/2012 12:06,Web Designer,Programmer,,,"Lorem ipsum dolor sit amet, consectetuer adipiscing elit. Praesent aliquam, justo convallis luctus rutrum, erat nulla fermentum diam, at nonummy quam ante ac quam. Maecenas urna purus, fermentum id, molestie in, commodo porttitor, felis. Nam blandit quam ut lacus.",,publish,open,open,,web-designer,,,5/31/2012 12:08,5/31/2012 12:08,,0,0,job,,0,Templatic,http://www.templatic.com,info@templatic.com,,Part Time,Arkansas,"94 Chambers St, Manhattan, NY 10007, USA",40.71459301,-74.006702,No,,,,127.0.0.1,0,,none,, ,"Lorem ipsum dolor sit amet, consectetuer adipiscing elit. Praesent aliquam, justo convallis luctus rutrum, erat nulla fermentum diam, at nonummy quam ante ac quam. Maecenas urna purus, fermentum id, molestie in, commodo porttitor, felis. Nam blandit quam ut lacus."
1,5/31/2012 12:06,5/31/2012 12:06,Data Entry in Word,Development,,,"Lorem ipsum dolor sit amet, consectetuer adipiscing elit. Praesent aliquam, justo convallis luctus rutrum, erat nulla fermentum diam, at nonummy quam ante ac quam. Maecenas urna purus, fermentum id, molestie in, commodo porttitor, felis. Nam blandit quam ut lacus.",,publish,open,open,,data-entry-in-word,,,5/31/2012 12:08,5/31/2012 12:08,,0,0,job,,0,Company Name,http://www.companyname.com,info@company_email.com,,,Arkansas,"95 Chambers St, Manhattan, NY 10007, USA",40.71459301,-74.006702,Yes,,,,127.0.0.1,0,,h,, ,"Lorem ipsum dolor sit amet, consectetuer adipiscing elit. Praesent aliquam, justo convallis luctus rutrum, erat nulla fermentum diam, at nonummy quam ante ac quam. Maecenas urna purus, fermentum id, molestie in, commodo porttitor, felis. Nam blandit quam ut lacus."
1,5/31/2012 12:06,5/31/2012 12:06,XML Coder,XHTML Coder,,,"Lorem ipsum dolor sit amet, consectetuer adipiscing elit. Praesent aliquam, justo convallis luctus rutrum, erat nulla fermentum diam, at nonummy quam ante ac quam. Maecenas urna purus, fermentum id, molestie in, commodo porttitor, felis. Nam blandit quam ut lacus.",,publish,open,open,,xml-coder,,,5/31/2012 12:08,5/31/2012 12:08,,0,0,job,,0,company_name,http://www.rbhavesh.com,info@companyname.com,,Part Time,Arkansas,"96 Chambers St, Manhattan, NY 10007, USA",40.71459301,-74.006702,No,,,,127.0.0.1,0,,c,, ,"Lorem ipsum dolor sit amet, consectetuer adipiscing elit. Praesent aliquam, justo convallis luctus rutrum, erat nulla fermentum diam, at nonummy quam ante ac quam. Maecenas urna purus, fermentum id, molestie in, commodo porttitor, felis. Nam blandit quam ut lacus."
1,5/31/2012 12:06,5/31/2012 12:06,ASP.NET Developer,Development,,,"Lorem ipsum dolor sit amet, consectetuer adipiscing elit. Praesent aliquam, justo convallis luctus rutrum, erat nulla fermentum diam, at nonummy quam ante ac quam. Maecenas urna purus, fermentum id, molestie in, commodo porttitor, felis. Nam blandit quam ut lacus.",,publish,open,open,,asp-net-developer,,,6/7/2012 10:14,6/7/2012 10:14,,0,0,job,,0,Company Name ,http://www.companyweb.com,info@companyname.com,http://localhost/wordpress/jobboard2/wp-content/themes/JobBoard2/images/dummy/logo5.png,Full Time,Arkansas,"97 Chambers St, Manhattan, NY 10007, USA",40.71459301,-74.006702,Yes,,,,127.0.0.1,0,,none,,,"Lorem ipsum dolor sit amet, consectetuer adipiscing elit. Praesent aliquam, justo convallis luctus rutrum, erat nulla fermentum diam, at nonummy quam ante ac quam. Maecenas urna purus, fermentum id, molestie in, commodo porttitor, felis. Nam blandit quam ut lacus."
1,5/31/2012 12:06,5/31/2012 12:06,Web Developer,Programmer,,,"Lorem ipsum dolor sit amet, consectetuer adipiscing elit. Praesent aliquam, justo convallis luctus rutrum, erat nulla fermentum diam, at nonummy quam ante ac quam. Maecenas urna purus, fermentum id, molestie in, commodo porttitor, felis. Nam blandit quam ut lacus.",,publish,open,open,,web-developer,,,6/7/2012 8:31,6/7/2012 8:31,,0,0,job,,0,Templatic,http://www.templatic.com,info@templatic.com,,Part Time,Arkansas,"98 Chambers St, Manhattan, NY 10007, USA",40.71459301,72.80303465,No,,,,127.0.0.1,0,,both,, ,"Lorem ipsum dolor sit amet, consectetuer adipiscing elit. Praesent aliquam, justo convallis luctus rutrum, erat nulla fermentum diam, at nonummy quam ante ac quam. Maecenas urna purus, fermentum id, molestie in, commodo porttitor, felis. Nam blandit quam ut lacus."
1,5/31/2012 12:06,5/31/2012 12:06,PDF File Programing,Development,,,"Lorem ipsum dolor sit amet, consectetuer adipiscing elit. Praesent aliquam, justo convallis luctus rutrum, erat nulla fermentum diam, at nonummy quam ante ac quam. Maecenas urna purus, fermentum id, molestie in, commodo porttitor, felis. Nam blandit quam ut lacus.",,publish,open,open,,pdf-file-programing,,,5/31/2012 12:06,5/31/2012 12:06,,0,0,job,,0,Company Name,http://www.companyname.com,info@company_email.com,,,Arkansas,"99 Chambers St, Manhattan, NY 10007, USA",40.71459301,-74.006702,Yes,,,,127.0.0.1,0,,none,, ,"Lorem ipsum dolor sit amet, consectetuer adipiscing elit. Praesent aliquam, justo convallis luctus rutrum, erat nulla fermentum diam, at nonummy quam ante ac quam. Maecenas urna purus, fermentum id, molestie in, commodo porttitor, felis. Nam blandit quam ut lacus."
1,5/31/2012 12:06,5/31/2012 12:06,Iphone Developer,Mobile,,,"Lorem ipsum dolor sit amet, consectetuer adipiscing elit. Praesent aliquam, justo convallis luctus rutrum, erat nulla fermentum diam, at nonummy quam ante ac quam. Maecenas urna purus, fermentum id, molestie in, commodo porttitor, felis. Nam blandit quam ut lacus.",,publish,open,open,,iphone-developer,,,5/31/2012 12:06,5/31/2012 12:06,,0,0,job,,0,company_name,http://www.rbhavesh.com,info@companyname.com,,Part Time,Arkansas,"100 Chambers St, Manhattan, NY 10007, USA",40.71459301,-74.006702,Yes,,,,127.0.0.1,0,,h,, ,"Lorem ipsum dolor sit amet, consectetuer adipiscing elit. Praesent aliquam, justo convallis luctus rutrum, erat nulla fermentum diam, at nonummy quam ante ac quam. Maecenas urna purus, fermentum id, molestie in, commodo porttitor, felis. Nam blandit quam ut lacus."
1,6/2/2012 6:40,6/2/2012 6:40,Devloper,Development&Mobile,,,"Lorem ipsum dolor sit amet, consectetuer adipiscing elit. Praesent aliquam, justo convallis luctus rutrum, erat nulla fermentum diam, at nonummy quam ante ac quam. Maecenas urna purus, fermentum id, molestie in, commodo porttitor, felis. Nam blandit quam ut lacus.",,publish,open,open,,devloper-6,,,6/2/2012 6:40,6/2/2012 6:40,,0,0,job,,0,company_name,www.krtya.com,test@yahoo.com,,Part Time,Arkansas,"101 Chambers St, Manhattan, NY 10007, USA",40.71459301,-74.006702,,55,90,payondelevary,127.0.0.1,0,,c,, ,"Lorem ipsum dolor sit amet, consectetuer adipiscing elit. Praesent aliquam, justo convallis luctus rutrum, erat nulla fermentum diam, at nonummy quam ante ac quam. Maecenas urna purus, fermentum id, molestie in, commodo porttitor, felis. Nam blandit quam ut lacus."
1,6/2/2012 10:05,6/2/2012 10:05,Devloper,Designer&Development&Mobile&Programmer,,,"Lorem ipsum dolor sit amet, consectetuer adipiscing elit. Praesent aliquam, justo convallis luctus rutrum, erat nulla fermentum diam, at nonummy quam ante ac quam. Maecenas urna purus, fermentum id, molestie in, commodo porttitor, felis. Nam blandit quam ut lacus.",,publish,open,open,,devloper-7,,,6/2/2012 10:05,6/2/2012 10:05,,0,0,job,,0,company_name,www.krtya.com,test@yahoo.com,,Part Time,Arkansas,"102 Chambers St, Manhattan, NY 10007, USA",40.71459301,-74.006702,Yes,50,90,payondelevary,127.0.0.1,0,,h,, ,"Lorem ipsum dolor sit amet, consectetuer adipiscing elit. Praesent aliquam, justo convallis luctus rutrum, erat nulla fermentum diam, at nonummy quam ante ac quam. Maecenas urna purus, fermentum id, molestie in, commodo porttitor, felis. Nam blandit quam ut lacus."
66,6/5/2012 4:24,6/5/2012 4:24,Software Engineer,Development&Mobile,,hk,"Lorem ipsum dolor sit amet, consectetuer adipiscing elit. Praesent aliquam, justo convallis luctus rutrum, erat nulla fermentum diam, at nonummy quam ante ac quam. Maecenas urna purus, fermentum id, molestie in, commodo porttitor, felis. Nam blandit quam ut lacus.",,publish,open,open,,software-engineer-2,,,6/6/2012 10:10,6/6/2012 10:10,,0,0,job,,2,company_name,www.pulsesol.com,test@yahoo.com,,Full Time,Arkansas,"103 Chambers St, Manhattan, NY 10007, USA",40.71459301,-74.006702,Yes,105,150,payondelevary,127.0.0.1,0,,h,,,"Lorem ipsum dolor sit amet, consectetuer adipiscing elit. Praesent aliquam, justo convallis luctus rutrum, erat nulla fermentum diam, at nonummy quam ante ac quam. Maecenas urna purus, fermentum id, molestie in, commodo porttitor, felis. Nam blandit quam ut lacus."
1,6/6/2012 6:45,6/6/2012 6:45,CSS + HTML Developer,Designer,,test,"Lorem ipsum dolor sit amet, consectetuer adipiscing elit. Praesent aliquam, justo convallis luctus rutrum, erat nulla fermentum diam, at nonummy quam ante ac quam. Maecenas urna purus, fermentum id, molestie in, commodo porttitor, felis. Nam blandit quam ut lacus.",,publish,open,open,,css-html-developer,,,6/7/2012 3:57,6/7/2012 3:57,,0,0,job,,0,company_name,www.krtya.com,test@yahoo.com,http://localhost/wordpress/jobboard2/files/2012/06/1339041417_apple-touch-icon-114x114.png,Part Time,Arkansas,"104 Chambers St, Manhattan, NY 10007, USA",40.71459301,-74.006702,Yes,105,,payondelevary,127.0.0.1,0,,none,, ,"Lorem ipsum dolor sit amet, consectetuer adipiscing elit. Praesent aliquam, justo convallis luctus rutrum, erat nulla fermentum diam, at nonummy quam ante ac quam. Maecenas urna purus, fermentum id, molestie in, commodo porttitor, felis. Nam blandit quam ut lacus."
66,6/7/2012 11:01,6/7/2012 11:01,Software Engineer,Development,,,"Lorem ipsum dolor sit amet, consectetuer adipiscing elit. Praesent aliquam, justo convallis luctus rutrum, erat nulla fermentum diam, at nonummy quam ante ac quam. Maecenas urna purus, fermentum id, molestie in, commodo porttitor, felis. Nam blandit quam ut lacus.",,publish,open,open,,software-engineer-3,,,6/9/2012 6:52,6/9/2012 6:52,,0,0,job,,0,Templatic,www.pulsesol.com,chand.4rana@gmail.com,http://localhost/wordpress/jobboard2/files/2012/06/1339066614_img2.jpg,Full Time,Arkansas,"105 Chambers St, Manhattan, NY 10007, USA",40.71459301,-74.006702,Yes,,,,127.0.0.1,0,,c,, ,"Lorem ipsum dolor sit amet, consectetuer adipiscing elit. Praesent aliquam, justo convallis luctus rutrum, erat nulla fermentum diam, at nonummy quam ante ac quam. Maecenas urna purus, fermentum id, molestie in, commodo porttitor, felis. Nam blandit quam ut lacus."
